pair_index	label	native_rank	computed_score	duration_bars	start_a_ms	start_b_ms	duration_ms	speed_a	speed_b	top_preset_id
0	tested-playlist	0	3.755000114440918	2	208960	2763	6090	1	0.9031203985214233	1
0	tested-playlist	1	3.723750114440918	2	208960	24763	6090	1	0.9031203985214233	1
0	tested-playlist	2	3.6600000858306885	2	208960	5513	6090	1	0.9031203985214233	1
0	tested-playlist	3	3.692500114440918	2	208960	19263	6090	1	0.9031203985214233	1
0	tested-playlist	4	3.006834030151367	4	189390	2763	10700	1	1.028037667274475	8
0	tested-playlist	5	3.661250114440918	2	208960	8263	6090	1	0.9031203985214233	19
0	tested-playlist	6	2.981600522994995	4	189390	16513	10700	1	1.028037667274475	17
0	tested-playlist	7	2.9462735652923584	4	189390	13	10700	1	1.0280377864837646	9
0	tested-playlist	8	2.904890537261963	4	189390	13763	10700	1	1.028037667274475	2
0	tested-playlist	9	2.8369381427764893	4	186710	16513	10700	1	1.028037667274475	2
0	tested-playlist	10	2.142855644226074	8	178590	2763	21500	1	1.0232558250427246	2
0	tested-playlist	11	2.122555732727051	8	178590	16513	21500	1	1.0232558250427246	8
0	tested-playlist	12	2.0941359996795654	8	178590	13	21500	1	1.0232558250427246	8
0	tested-playlist	13	2.1022558212280273	8	178590	11013	21500	1	1.0232558250427246	1
0	tested-playlist	14	2.081144094467163	8	178590	13763	21500	1	1.0232558250427246	3
1	tested-reverse	0	3.875	4	266759	18990	11000	1	0.9836363196372986	1
1	tested-reverse	1	3.875	4	266759	16270	11000	1	0.9854545593261719	3
1	tested-reverse	2	3.875	2	269509	21690	5500	1	0.9854545593261719	1
1	tested-reverse	3	3.8500001430511475	4	242010	18990	10999	1	0.9837250113487244	3
1	tested-reverse	4	3.8500001430511475	4	242010	16270	10999	1	0.985543429851532	1
1	tested-reverse	5	3.8500001430511475	4	244760	18990	10999	1	0.9837250113487244	19
1	tested-reverse	6	3.8500001430511475	2	247510	21690	5499	1	0.9856323003768921	1
1	tested-reverse	7	3.8500001430511475	2	255759	21690	5500	1	0.9854573011398315	1
1	tested-reverse	8	3.8500001430511475	2	264009	21690	5500	1	0.9854545593261719	10
1	tested-reverse	9	3.8187501430511475	2	255759	5430	5500	1	0.9854573011398315	19
1	tested-reverse	10	3.5500001907348633	8	239260	13570	21999	1	0.9845907092094421	9
1	tested-reverse	11	3.5500001907348633	8	242010	13570	21999	1	0.9845907092094421	5
1	tested-reverse	12	3.5500001907348633	8	247510	13570	21999	1	0.9845907092094421	17
1	tested-reverse	13	3.5500001907348633	8	255759	13570	22000	1	0.9845463037490845	5
1	tested-reverse	14	3.5500001907348633	8	255759	10850	22000	1	0.985455334186554	1
2	blinding-to-never	0	0	0	194709	0	5000	1	1	1
3	never-to-blinding	0	0	0	207363	8781	5000	1	1	1
4	nirvana-to-billie-jean	0	3.9000000953674316	4	287240	320	8190	1	1.0036627054214478	9
4	nirvana-to-billie-jean	1	3.9000000953674316	2	289280	2400	4080	1	1.0024467706680298	1
4	nirvana-to-billie-jean	2	3.875	4	258870	320	8020	1	1.0249390602111816	3
4	nirvana-to-billie-jean	3	3.875	4	285200	320	8160	1	1.0073524713516235	10
4	nirvana-to-billie-jean	4	3.875	4	287240	12630	8190	1	1.0036625862121582	2
4	nirvana-to-billie-jean	5	3.875	2	260910	2400	3980	1	1.0276353359222412	10
4	nirvana-to-billie-jean	6	3.875	2	285200	2400	4080	1	1.0024542808532715	10
4	nirvana-to-billie-jean	7	3.875	2	289280	14700	4080	1	1.007348895072937	10
4	nirvana-to-billie-jean	8	3.875	2	293360	2400	4130	1	0.9903136491775513	1
4	nirvana-to-billie-jean	9	3.8500001430511475	4	258870	12630	8020	1	1.024938941001892	1
4	nirvana-to-billie-jean	10	3.575000047683716	8	283160	8540	16370	1	1.0036636590957642	4
4	nirvana-to-billie-jean	11	3.5500001907348633	8	277060	8540	16300	1	1.0079761743545532	19
4	nirvana-to-billie-jean	12	3.5500001907348633	8	279100	8540	16330	1	1.0061227083206177	3
4	nirvana-to-billie-jean	13	3.5500001907348633	8	281140	8540	16350	1	1.0048925876617432	10
4	nirvana-to-billie-jean	14	3.5	8	283160	4450	16370	1	1.0018310546875	4
4	nirvana-to-billie-jean	15	2.7555503845214844	16	268930	14700	32640	1	1.006127953529358	4
4	nirvana-to-billie-jean	16	3.075000047683716	16	268930	4450	32640	1	1.0058215856552124	10
4	nirvana-to-billie-jean	17	3.055000066757202	16	268930	320	32640	1	1.006127953529358	8
4	nirvana-to-billie-jean	18	2.992500066757202	16	268930	6490	32640	1	1.006127953529358	10
4	nirvana-to-billie-jean	19	2.6750001907348633	16	268930	2400	32640	1	1.005515217781067	17
5	billie-jean-to-nirvana	0	3.875	4	279050	11710	8200	1	0.9902462363243103	5
5	billie-jean-to-nirvana	1	3.875	4	279050	13710	8200	1	0.9951241612434387	19
5	billie-jean-to-nirvana	2	3.875	2	281110	13710	4100	1	0.9951204657554626	1
5	billie-jean-to-nirvana	3	3.875	2	281110	23830	4100	1	1.0048762559890747	19
5	billie-jean-to-nirvana	4	3.8500001430511475	4	250400	11710	8210	1	0.989037036895752	19
5	billie-jean-to-nirvana	5	3.8500001430511475	4	250400	13710	8210	1	0.9939090609550476	5
5	billie-jean-to-nirvana	6	3.8500001430511475	4	281110	11710	8190	1	0.9914528131484985	10
5	billie-jean-to-nirvana	7	3.8500001430511475	2	252440	13710	4100	1	0.9951241612434387	10
5	billie-jean-to-nirvana	8	3.8500001430511475	2	252440	23830	4100	1	1.0048800706863403	19
5	billie-jean-to-nirvana	9	3.8500001430511475	2	277010	13710	4100	1	0.9951204657554626	10
5	billie-jean-to-nirvana	10	3.4800000190734863	8	274960	23830	16390	1	1.0097630023956299	3
5	billie-jean-to-nirvana	11	3.4800000190734863	8	274960	25870	16390	1	1.0115934610366821	5
5	billie-jean-to-nirvana	12	3.4549999237060547	8	272920	23830	16380	1	1.010378122329712	8
5	billie-jean-to-nirvana	13	3.4549999237060547	8	277010	23830	16380	1	1.010378122329712	3
5	billie-jean-to-nirvana	14	3.4549999237060547	8	277010	25870	16380	1	1.0122096538543701	17
5	billie-jean-to-nirvana	15	2.3345112800598145	16	254480	23830	32770	1	1.010375738143921	10
5	billie-jean-to-nirvana	16	2.243004560470581	16	250400	23830	32750	1	1.0109919309616089	10
5	billie-jean-to-nirvana	17	2.280043125152588	16	252440	23830	32770	1	1.0103752613067627	5
5	billie-jean-to-nirvana	18	2.2208924293518066	16	254480	25870	32770	1	1.010680913925171	4
5	billie-jean-to-nirvana	19	2.216848850250244	16	248350	23830	32760	1	1.010683536529541	2
6	bohemian-to-brightside	0	2.843209743499756	2	283320	4857	3530	1	0.918980598449707	10
6	bohemian-to-brightside	1	2.8223037719726562	2	283320	11345	3530	1	0.918980598449707	1
6	bohemian-to-brightside	2	2.8223037719726562	2	283320	17833	3530	1	0.9189808964729309	1
6	bohemian-to-brightside	3	2.7892532348632812	2	281590	4857	3490	1	0.9295156002044678	19
6	bohemian-to-brightside	4	2.795081615447998	2	283320	30810	3530	1	0.9189803600311279	19
6	bohemian-to-brightside	5	2.735295295715332	4	279860	3235	6990	1	0.928184449672699	17
6	bohemian-to-brightside	6	2.7151827812194824	4	279860	9723	6990	1	0.9281843900680542	8
6	bohemian-to-brightside	7	2.7151827812194824	4	279860	4857	6990	1	0.9281843900680542	9
6	bohemian-to-brightside	8	2.7151827812194824	4	279860	16211	6990	1	0.9281845688819885	17
6	bohemian-to-brightside	9	2.680401563644409	4	278100	3235	6980	1	0.9295114874839783	8
6	bohemian-to-brightside	10	2.277787685394287	8	272910	1613	13940	1	0.9308463931083679	1
6	bohemian-to-brightside	11	2.1604840755462646	8	271160	1613	13920	1	0.9321830868721008	5
6	bohemian-to-brightside	12	2.137972116470337	8	272910	3235	13940	1	0.9308463335037231	4
6	bohemian-to-brightside	13	2.0463051795959473	8	272910	12967	13940	1	0.9309181571006775	3
6	bohemian-to-brightside	14	2.045379161834717	8	272910	4857	13940	1	0.9308463335037231	19
7	brightside-to-dont-stop	0	3.0869109630584717	2	215725	33690	3244	1	0.9525268077850342	10
7	brightside-to-dont-stop	1	2.996119737625122	2	214102	33690	3245	1	0.952231228351593	19
7	brightside-to-dont-stop	2	2.996119737625122	2	217347	33690	3244	1	0.9525312781333923	1
7	brightside-to-dont-stop	3	2.995925188064575	2	215725	35220	3244	1	0.9617742896080017	1
7	brightside-to-dont-stop	4	2.977961301803589	2	212480	33690	3245	1	0.9522356986999512	10
7	brightside-to-dont-stop	5	2.9049386978149414	4	214102	33690	6489	1	0.9570042490959167	8
7	brightside-to-dont-stop	6	2.8835787773132324	4	212480	33690	6489	1	0.9570042490959167	3
7	brightside-to-dont-stop	7	2.815702438354492	4	214102	35220	6489	1	0.9570042490959167	3
7	brightside-to-dont-stop	8	2.8024115562438965	4	215725	33690	6488	1	0.9571505784988403	3
7	brightside-to-dont-stop	9	2.7949986457824707	4	212480	35220	6489	1	0.9570042490959167	19
7	brightside-to-dont-stop	10	2.2135066986083984	8	209236	32090	12977	1	0.9586189389228821	2
7	brightside-to-dont-stop	11	2.008882522583008	8	209236	36780	12977	1	0.9532244801521301	4
7	brightside-to-dont-stop	12	2.1385414600372314	8	209236	33690	12977	1	0.9532244801521301	4
7	brightside-to-dont-stop	13	2.0187957286834717	8	205992	32090	12977	1	0.9586189389228821	5
7	brightside-to-dont-stop	14	2.062596559524536	8	209236	35220	12977	1	0.9547657370567322	18
7	brightside-to-dont-stop	15	1.2427496910095215	16	196260	32090	25953	1	0.954802930355072	3
7	brightside-to-dont-stop	16	1.1840875148773193	16	196260	33690	25953	1	0.9528762102127075	8
7	brightside-to-dont-stop	17	1.1476950645446777	16	191394	32090	25953	1	0.954802930355072	19
7	brightside-to-dont-stop	18	1.1364293098449707	16	189772	32090	25953	1	0.954802930355072	9
7	brightside-to-dont-stop	19	1.1364293098449707	16	193016	32090	25953	1	0.954802930355072	1
